{"vertices": [[0.72618, 0.0, -0.3125], [0.0, 0.0, -0.95493], [0.0, 0.47746, -0.82699], [0.0, 0.82699, -0.47746], [0.0, 0.95493, -0.0], [0.0, 0.82699, 0.47746], [0.0, 0.47746, 0.82699], [0.0, 0.0, 0.95493]], "faces": [[0, 1, 2], [0, 2, 3], [0, 3, 4], [0, 4, 5], [0, 5, 6], [0, 6, 7]], "colorProfiles": {"X": [0.0, 0.0, 0.0, 0.0, 0.0, 0.0, 0.0, 0.0]}}