{"vertices": [[0.72618, 0.0, -0.3125], [0.0, 0.0, -0.95493], [0.0, 0.67524, -0.67524], [0.0, 0.95493, -0.0], [0.0, 0.67524, 0.67524], [0.0, 0.0, 0.95493]], "faces": [[0, 1, 2], [0, 2, 3], [0, 3, 4], [0, 4, 5]], "colorProfiles": {"X": [0.0, 0.0, 0.0, 0.0, 0.0, 0.0]}}