{"vertices": [[0.72618, 0.0, -0.3125], [0.0, 0.0, -0.95493], [0.0, 0.32661, -0.89734], [0.0, 0.61382, -0.73152], [0.0, 0.82699, -0.47746], [0.0, 0.94042, -0.16582], [0.0, 0.94042, 0.16582], [0.0, 0.82699, 0.47746], [0.0, 0.61382, 0.73152], [0.0, 0.32661, 0.89734], [0.0, 0.0, 0.95493]], "faces": [[0, 1, 2], [0, 2, 3], [0, 3, 4], [0, 4, 5], [0, 5, 6], [0, 6, 7], [0, 7, 8], [0, 8, 9], [0, 9, 10]], "colorProfiles": {"X": [0.0, 0.0, 0.0, 0.0, 0.0, 0.0, 0.0, 0.0, 0.0, 0.0, 0.0]}}