{"vertices": [[0.0, 0.0, 0.0], [1.5, 0.0069, 0.0], [1.47685, 0.01379, 0.12509], [1.44343, 0.02069, 0.24628], [1.40021, 0.02759, 0.36274], [1.34775, 0.03448, 0.4737], [1.28668, 0.04138, 0.57843], [1.21766, 0.04828, 0.67629], [1.14141, 0.05517, 0.76668], [1.05871, 0.06207, 0.84911], [0.97033, 0.06897, 0.92312], [0.87711, 0.07586, 0.98836], [0.77988, 0.08276, 1.04455], [0.67951, 0.08966, 1.09148], [0.57684, 0.09655, 1.12903], [0.47274, 0.10345, 1.15716], [0.36806, 0.11034, 1.17589], [0.26363, 0.11724, 1.18532], [0.16026, 0.12414, 1.18565], [0.05874, 0.13103, 1.17711], [-0.0402, 0.13793, 1.16002], [-0.13583, 0.14483, 1.13476], [-0.22751, 0.15172, 1.10176], [-0.3146, 0.15862, 1.0615], [-0.39657, 0.16552, 1.01453], [-0.47289, 0.17241, 0.96142], [-0.54314, 0.17931, 0.90278], [-0.60693, 0.18621, 0.83925], [-0.66395, 0.1931, 0.7715], [-0.71394, 0.2, 0.70021]], "faces": [[0, 1, 2], [0, 2, 3], [0, 3, 4], [0, 4, 5], [0, 5, 6], [0, 6, 7], [0, 7, 8], [0, 8, 9], [0, 9, 10], [0, 10, 11], [0, 11, 12], [0, 12, 13], [0, 13, 14], [0, 14, 15], [0, 15, 16], [0, 16, 17], [0, 17, 18], [0, 18, 19], [0, 19, 20], [0, 20, 21], [0, 21, 22], [0, 22, 23], [0, 23, 24], [0, 24, 25], [0, 25, 26], [0, 26, 27], [0, 27, 28], [0, 28, 29]], "colorProfiles": {"X": [0.0, 0.0, 0.0, 0.0, 0.0, 0.0, 0.0, 0.0, 0.0, 0.0, 0.0, 0.0, 0.0, 0.0, 0.0, 0.0, 0.0, 0.0, 0.0, 0.0, 0.0, 0.0, 0.0, 0.0, 0.0, 0.0, 0.0, 0.0, 0.0, 0.0]}}