{"vertices": [[0.0, 0.0, 0.0], [1.0, 0.01429, 0.0], [0.9933, 0.02857, 0.11559], [0.97328, 0.04286, 0.22963], [0.94021, 0.05714, 0.34059], [0.89454, 0.07143, 0.44698], [0.83688, 0.08571, 0.54738], [0.768, 0.1, 0.64045], [0.68882, 0.11429, 0.72493], [0.60041, 0.12857, 0.79969], [0.50396, 0.14286, 0.86373], [0.40074, 0.15714, 0.91619], [0.29215, 0.17143, 0.95637], [0.17965, 0.18571, 0.98373], [0.06474, 0.2, 0.9979]], "faces": [[0, 1, 2], [0, 2, 3], [0, 3, 4], [0, 4, 5], [0, 5, 6], [0, 6, 7], [0, 7, 8], [0, 8, 9], [0, 9, 10], [0, 10, 11], [0, 11, 12], [0, 12, 13], [0, 13, 14]], "colorProfiles": {"X": [0.0, 0.0, 0.0, 0.0, 0.0, 0.0, 0.0, 0.0, 0.0, 0.0, 0.0, 0.0, 0.0, 0.0, 0.0]}}