{"vertices": [[0.0, 0.0, 0.0], [1.5, 0.0, 0.0], [1.35, -0.03784, 0.1], [1.2, 0.07006, 0.2], [1.05, -0.09185, 0.3], [0.9, 0.09998, 0.4], [0.75, -0.09324, 0.5], [0.6, 0.07264, 0.6], [0.45, -0.04122, 0.7], [0.3, 0.00368, 0.8], [0.15, 0.03441, 0.9], [0.0, -0.06738, 1.0]], "faces": [[0, 1, 2], [0, 2, 3], [0, 3, 4], [0, 4, 5], [0, 5, 6], [0, 6, 7], [0, 7, 8], [0, 8, 9], [0, 9, 10], [0, 10, 11]], "colorProfiles": {"X": [0.0, 0.0, 0.0, 0.0, 0.0, 0.0, 0.0, 0.0, 0.0, 0.0, 0.0, 0.0]}}