{"vertices": [[0.0, 0.0, 0.0], [1.5, 0.0, 0.0], [1.375, 0.01988, 0.08333], [1.25, -0.03898, 0.16667], [1.125, 0.05651, 0.25], [1.0, -0.07179, 0.33333], [0.875, 0.0842, 0.41667], [0.75, -0.09324, 0.5], [0.625, 0.09857, 0.58333], [0.5, -0.09995, 0.66667], [0.375, 0.09735, 0.75], [0.25, -0.09085, 0.83333], [0.125, 0.08073, 0.91667], [0.0, -0.06738, 1.0]], "faces": [[0, 1, 2], [0, 2, 3], [0, 3, 4], [0, 4, 5], [0, 5, 6], [0, 6, 7], [0, 7, 8], [0, 8, 9], [0, 9, 10], [0, 10, 11], [0, 11, 12], [0, 12, 13]], "colorProfiles": {"X": [0.0, 0.0, 0.0, 0.0, 0.0, 0.0, 0.0, 0.0, 0.0, 0.0, 0.0, 0.0, 0.0, 0.0]}}