{"vertices": [[0.72618, 0.0, -0.3125], [0.0, 0.0, -0.95493], [0.0, 0.0, -0.88224], [0.0, 0.0, -0.67524], [0.0, 0.0, -0.36544], [0.0, 0.0, -0.0], [0.0, 0.0, 0.36544], [0.0, 0.0, 0.67524], [0.0, 0.0, 0.88224], [0.0, 0.0, 0.95493]], "faces": [[0, 1, 2], [0, 2, 3], [0, 3, 4], [0, 4, 5], [0, 5, 6], [0, 6, 7], [0, 7, 8], [0, 8, 9]], "colorProfiles": {"X": [0.0, 0.0, 0.0, 0.0, 0.0, 0.0, 0.0, 0.0, 0.0, 0.0]}}