{"vertices": [[-1.0, 0.0, -1.0], [0.0, 0.0, -1.0], [1.0, 0.0, -1.0], [-0.666670024394989, 0.0, 0.0], [0.666670024394989, 0.0, 0.0], [-1.0, 0.0, 1.0], [0.0, 0.0, 1.0], [1.0, 0.0, 1.0]], "faces": [[3, 4, 6], [0, 3, 5], [1, 3, 4], [2, 4, 7], [0, 1, 3], [3, 5, 6], [4, 6, 7], [1, 2, 4]], "colorProfiles": {"Y": [0.0, 0.0, 0.0, 0.0, 0.0, 0.0, 0.0, 0.0]}}