{"vertices": [[0.0, 1.0, 0.0], [0.5079100131988525, 0.0, 0.0], [0.4109100103378296, 9.999999747378752e-06, 0.29853999614715576], [0.1569499969482422, 0.5302299857139587, 0.48306000232696533], [-0.1569499969482422, 0.06294000148773193, 0.48306000232696533], [-0.4109100103378296, 0.0, 0.29853999614715576], [-0.5079100131988525, 0.0, 0.0], [-0.4109100103378296, 9.999999747378752e-06, -0.29853999614715576], [-0.1569499969482422, 0.5302299857139587, -0.48306000232696533], [0.1569499969482422, 0.06294000148773193, -0.48306000232696533], [0.4109100103378296, 0.0, -0.29853999614715576], [0.7698500156402588, 0.0, 0.0], [0.7032999992370605, 0.0, 0.3131299912929535], [0.5151299834251404, 0.0, 0.5721099972724915], [0.2379000037908554, 0.03513000160455704, 0.7321699857711792], [-0.0804700031876564, 0.008820000104606152, 0.7656400203704834], [-0.3849300146102905, 0.0, 0.6667100191116333], [-0.6228200197219849, 0.0, 0.4525099992752075], [-0.753030002117157, 0.0, 0.16006000339984894], [-0.753030002117157, 0.0, -0.16006000339984894], [-0.6228200197219849, 0.0, -0.4525099992752075], [-0.3849300146102905, 3.9999998989515007e-05, -0.6667100191116333], [-0.0804700031876564, 0.11495000123977661, -0.7656400203704834], [0.2379000037908554, 0.0, -0.7321699857711792], [0.5151299834251404, 0.0, -0.5721099972724915], [0.7032999992370605, 0.0, -0.3131299912929535], [0.9818900227546692, 0.0, 0.0], [0.9338300228118896, 0.0, 0.3034200072288513], [0.7943699955940247, 0.0, 0.5771399736404419], [0.5771399736404419, 0.0, 0.7943699955940247], [0.3034200072288513, 0.00014000000373926014, 0.9338300228118896], [0.0, 0.0005099999834783375, 0.9818900227546692], [-0.3034200072288513, 0.0, 0.9338300228118896], [-0.5771399736404419, 0.0, 0.7943699955940247], [-0.7943699955940247, 0.0, 0.5771399736404419], [-0.9338300228118896, 0.0, 0.3034200072288513], [-0.9818900227546692, 0.0, 0.0], [-0.9338300228118896, 0.0, -0.3034200072288513], [-0.7943699955940247, 0.0, -0.5771399736404419], [-0.5771399736404419, 0.0, -0.7943699955940247], [-0.3034200072288513, 0.00014000000373926014, -0.9338300228118896], [-0.0, 0.0005099999834783375, -0.9818900227546692], [0.3034200072288513, 0.0, -0.9338300228118896], [0.5771399736404419, 0.0, -0.7943699955940247], [0.7943699955940247, 0.0, -0.5771399736404419], [0.9338300228118896, 0.0, -0.3034200072288513]], "faces": [[14, 30, 31], [13, 28, 29], [2, 12, 13], [20, 38, 39], [16, 32, 33], [6, 7, 19], [12, 27, 28], [1, 11, 12], [0, 4, 5], [17, 34, 35], [24, 25, 44], [8, 21, 22], [23, 42, 43], [3, 14, 15], [11, 26, 45], [7, 20, 21], [21, 39, 40], [8, 9, 22], [2, 3, 13], [25, 44, 45], [10, 24, 25], [4, 15, 16], [19, 36, 37], [9, 22, 23], [0, 2, 3], [1, 10, 25], [17, 18, 35], [0, 9, 10], [18, 19, 36], [9, 10, 24], [1, 11, 25], [22, 40, 41], [20, 21, 39], [0, 1, 10], [23, 41, 42], [21, 22, 40], [0, 7, 8], [1, 2, 12], [5, 6, 18], [4, 5, 16], [20, 37, 38], [9, 23, 24], [22, 23, 41], [23, 24, 43], [24, 43, 44], [0, 3, 4], [13, 14, 29], [11, 12, 27], [5, 16, 17], [5, 17, 18], [3, 4, 15], [0, 5, 6], [15, 16, 32], [14, 29, 30], [0, 8, 9], [12, 13, 28], [0, 1, 2], [16, 17, 33], [14, 15, 31], [17, 33, 34], [11, 25, 45], [18, 35, 36], [7, 19, 20], [11, 26, 27], [15, 31, 32], [19, 20, 37], [3, 13, 14], [0, 6, 7], [6, 18, 19], [7, 8, 21]], "colorProfiles": {"Y": [1.0, 0.0, 9.999999747378752e-06, 0.5302299857139587, 0.06294000148773193, 0.0, 0.0, 9.999999747378752e-06, 0.5302299857139587, 0.06294000148773193, 0.0, 0.0, 0.0, 0.0, 0.03512999787926674, 0.008820000104606152, 0.0, 0.0, 0.0, 0.0, 0.0, 3.9999998989515007e-05, 0.11494999378919601, 0.0, 0.0, 0.0, 0.0, 0.0, 0.0, 0.0, 0.0001399999891873449, 0.0005099999834783375, 0.0, 0.0, 0.0, 0.0, 0.0, 0.0, 0.0, 0.0, 0.0001399999891873449, 0.0005099999834783375, 0.0, 0.0, 0.0, 0.0]}}