{"vertices": [[-1.0, 0.0, -1.0], [-0.5, 0.0, -1.0], [0.0, 0.0002800000074785203, -1.0], [0.5, 0.0, -1.0], [1.0, 0.0, -1.0], [-0.800000011920929, 0.0, -0.5], [-0.26666998863220215, 0.08296000212430954, -0.5], [0.26666998863220215, 7.000000186963007e-05, -0.5], [0.800000011920929, 0.0, -0.5], [-1.0, 0.0, 0.0], [-0.5, 0.0, 0.0], [0.0, 1.0, 0.0], [0.5, 0.0, 0.0], [1.0, 0.0, 0.0], [-0.800000011920929, 0.0, 0.5], [-0.26666998863220215, 7.000000186963007e-05, 0.5], [0.26666998863220215, 0.08296000212430954, 0.5], [0.800000011920929, 0.0, 0.5], [-1.0, 0.0, 1.0], [-0.5, 0.0, 1.0], [0.0, 0.0002800000074785203, 1.0], [0.5, 0.0, 1.0], [1.0, 0.0, 1.0], [-0.6499999761581421, 0.0, -0.75], [-0.38332998752593994, 1.9999999494757503e-05, -0.75], [0.38332998752593994, 0.0, -0.25], [0.6499999761581421, 0.0, -0.75], [-0.38332998752593994, 0.0, 0.25], [-0.6499999761581421, 0.0, 0.75], [1.0, 0.0, -0.5], [0.38332998752593994, 1.9999999494757503e-05, 0.75], [-0.13333000242710114, 0.8559100031852722, -0.25], [-1.0, 0.0, -0.5], [0.6499999761581421, 0.0, 0.25], [0.13333000242710114, 0.0012499999720603228, -0.75], [0.6499999761581421, 0.0, -0.25], [-0.13333000242710114, 0.0012499999720603228, 0.75], [-1.0, 0.0, 0.5], [-0.6499999761581421, 0.0, 0.25], [-0.6499999761581421, 0.0, -0.25], [0.38332998752593994, 0.00013000000035390258, 0.25], [1.0, 0.0, 0.5], [0.6499999761581421, 0.0, 0.75], [0.13333000242710114, 0.8559100031852722, 0.25], [-0.75, 0.0, -1.0], [-0.8999999761581421, 0.0, -0.75], [-0.5333300232887268, 0.0, -0.5], [-0.4583300054073334, 0.0, -0.625], [-0.574999988079071, 0.0, -0.875], [-0.13333000242710114, 0.12499000132083893, -0.75], [-0.25, 0.0002800000074785203, -1.0], [0.5333300232887268, 0.0, -0.5], [0.13333000242710114, 0.5481299757957458, -0.25], [0.25, 0.12992000579833984, 0.0], [0.38332998752593994, 0.0, -0.75], [0.8999999761581421, 0.0, -0.75], [0.75, 0.0, -1.0], [-0.5333300232887268, 0.0, 0.5], [-0.13333000242710114, 0.5481299757957458, 0.25], [-0.25, 0.12992000579833984, 0.0], [-0.38332998752593994, 0.0, 0.75]], "faces": [[14, 18, 28], [18, 19, 28], [8, 13, 29], [16, 17, 30], [16, 20, 30], [20, 21, 30], [6, 10, 31], [6, 7, 31], [5, 9, 32], [16, 17, 33], [13, 17, 33], [12, 13, 33], [6, 7, 34], [2, 3, 34], [8, 25, 35], [12, 25, 35], [8, 13, 35], [12, 13, 35], [19, 20, 36], [16, 20, 36], [15, 16, 36], [9, 14, 37], [14, 18, 37], [14, 27, 38], [10, 27, 38], [9, 14, 38], [9, 10, 38], [9, 10, 39], [5, 9, 39], [6, 10, 39], [16, 33, 40], [12, 33, 40], [13, 17, 41], [17, 22, 41], [17, 30, 42], [21, 30, 42], [17, 22, 42], [21, 22, 42], [11, 40, 43], [16, 40, 43], [15, 16, 43], [0, 23, 44], [0, 32, 45], [5, 32, 45], [0, 23, 45], [5, 23, 45], [5, 39, 46], [6, 39, 46], [5, 23, 46], [6, 46, 47], [23, 46, 47], [6, 24, 47], [23, 24, 47], [1, 44, 48], [23, 44, 48], [1, 24, 48], [23, 24, 48], [6, 34, 49], [2, 34, 49], [6, 24, 49], [2, 24, 49], [2, 24, 50], [1, 24, 50], [8, 26, 51], [7, 26, 51], [8, 25, 51], [7, 25, 51], [7, 31, 52], [11, 31, 52], [7, 25, 52], [11, 25, 52], [11, 40, 53], [12, 40, 53], [11, 25, 53], [12, 25, 53], [7, 34, 54], [3, 34, 54], [7, 26, 54], [3, 26, 54], [4, 29, 55], [8, 29, 55], [4, 26, 55], [8, 26, 55], [3, 26, 56], [4, 26, 56], [14, 28, 57], [15, 28, 57], [14, 27, 57], [15, 27, 57], [11, 43, 58], [15, 43, 58], [11, 27, 58], [15, 27, 58], [11, 31, 59], [10, 31, 59], [11, 27, 59], [10, 27, 59], [15, 36, 60], [19, 36, 60], [15, 28, 60], [19, 28, 60]], "colorProfiles": {"Y": [0.0, 0.0, 0.0002799999783746898, 0.0, 0.0, 0.0, 0.08295999467372894, 6.999999459367245e-05, 0.0, 0.0, 0.0, 1.0, 0.0, 0.0, 0.0, 6.999999459367245e-05, 0.08295999467372894, 0.0, 0.0, 0.0, 0.0002799999783746898, 0.0, 0.0, 0.0, 1.9999999494757503e-05, 0.0, 0.0, 0.0, 0.0, 0.0, 1.9999999494757503e-05, 0.8559100031852722, 0.0, 0.0, 0.0012499999720603228, 0.0, 0.0012499999720603228, 0.0, 0.0, 0.0, 0.00013000000035390258, 0.0, 0.0, 0.8559100031852722, 0.0, 0.0, 0.0, 0.0, 0.0, 0.12498999387025833, 0.0002799999783746898, 0.0, 0.5481299757957458, 0.12991999089717865, 0.0, 0.0, 0.0, 0.0, 0.5481299757957458, 0.12991999089717865, 0.0]}}