{"vertices": [[-1.23365, 0.02679, -0.30952], [-1.25229, 0.05873, 0.26589], [-1.13908, -0.22388, 0.27215], [-1.16856, 0.21276, -0.24168], [-1.01066, -0.26616, -0.27839], [-0.73937, 0.07615, -0.19518], [-0.7888, 0.25738, -0.76727], [-0.79569, -0.13215, 0.01121], [-0.76442, 0.22931, 0.43635], [-0.90364, 0.19268, 0.80047], [-0.53701, -0.05767, -0.53768], [-0.57141, 0.20023, -0.6134], [-0.48793, 0.0437, 0.5671], [-0.87602, -0.06498, -0.93978], [-0.85529, -0.05899, 0.95496], [-0.74746, -0.2511, -0.77432], [-0.52946, -0.25084, 0.97954], [-0.19643, 0.23916, 0.90471], [-0.37639, -0.0361, 1.23886], [-0.12411, -0.07583, -0.7493], [-0.44643, -0.21053, 0.75481], [-0.11129, -0.04781, -1.26949], [0.05744, 0.05552, 0.77442], [-0.20167, 0.24131, -0.86177], [0.10322, -0.15048, 0.80119], [0.34448, 0.06005, 1.23112], [-0.23234, 0.16894, -1.19775], [-0.03645, -0.26698, -1.08651], [0.38628, -0.18435, 1.14803], [0.1148, -0.15701, -0.80809], [-0.10459, 0.245, 1.12965], [0.47678, -0.0522, -1.18116], [0.52021, 0.25833, -0.97359], [0.56937, -0.26332, 0.92065], [0.61433, 0.1466, 0.54653], [0.70431, -0.21894, -0.52091], [0.57507, -0.0671, 0.47012], [0.42747, 0.16379, -0.69374], [0.6884, -0.01485, -0.31726], [0.83236, -0.18434, 0.08985], [0.80258, 0.14474, -0.14734], [0.83589, 0.26116, 0.69937], [1.04553, -0.2573, 0.28871], [1.05504, 0.25758, 0.09895], [0.9857, 0.09008, -0.81528], [0.94563, -0.02206, 0.86416], [0.9054, -0.23635, -0.70149], [1.22111, -0.14424, -0.12635], [1.22578, 0.02939, 0.35624], [1.22143, 0.1426, -0.2006]], "faces": [[47, 46, 44], [43, 32, 40], [37, 29, 38], [38, 29, 35], [35, 29, 27], [6, 8, 5], [7, 16, 4], [34, 43, 40], [38, 35, 39], [42, 39, 35], [42, 46, 47], [47, 44, 49], [49, 32, 43], [49, 44, 32], [42, 35, 46], [38, 40, 37], [40, 32, 37], [46, 31, 44], [35, 27, 46], [46, 27, 31], [44, 31, 32], [29, 37, 23], [31, 26, 32], [32, 23, 37], [23, 19, 29], [31, 21, 26], [32, 26, 23], [31, 27, 21], [27, 29, 15], [23, 26, 6], [21, 13, 26], [6, 11, 23], [23, 11, 19], [27, 13, 21], [19, 11, 10], [29, 19, 15], [27, 15, 13], [26, 13, 6], [19, 10, 4], [15, 19, 4], [11, 5, 10], [6, 13, 3], [15, 4, 13], [13, 0, 3], [11, 6, 5], [5, 7, 10], [10, 7, 4], [13, 4, 0], [4, 2, 0], [0, 1, 3], [6, 3, 8], [0, 2, 1], [5, 8, 7], [3, 9, 8], [3, 1, 9], [7, 8, 12], [2, 14, 1], [4, 16, 2], [14, 9, 1], [12, 20, 7], [7, 20, 16], [14, 2, 16], [8, 17, 12], [14, 18, 9], [9, 30, 8], [12, 17, 22], [9, 18, 30], [14, 16, 18], [8, 30, 17], [12, 22, 24], [20, 12, 24], [16, 28, 18], [30, 18, 25], [20, 33, 16], [28, 25, 18], [20, 24, 33], [16, 33, 28], [22, 17, 34], [17, 41, 34], [30, 25, 41], [17, 30, 41], [34, 36, 22], [22, 36, 24], [25, 45, 41], [33, 24, 36], [28, 33, 45], [25, 28, 45], [45, 48, 41], [33, 42, 45], [41, 43, 34], [36, 39, 33], [33, 39, 42], [45, 42, 48], [41, 48, 43], [36, 34, 39], [42, 47, 48], [43, 48, 49], [34, 40, 38], [34, 38, 39], [48, 47, 49]], "colorProfiles": {}}