{"vertices": [[-1.23365, 0.02679, -0.30952], [-1.25229, 0.05873, 0.26589], [-1.13908, -0.22388, 0.27215], [-1.16856, 0.21276, -0.24168], [-1.01066, -0.26616, -0.27839], [-0.73937, 0.07615, -0.19518], [-0.7888, 0.25738, -0.76727], [-0.79569, -0.13215, 0.01121], [-0.76442, 0.22931, 0.43635], [-0.90364, 0.19268, 0.80047], [-0.53701, -0.05767, -0.53768], [-0.57141, 0.20023, -0.6134], [-0.48793, 0.0437, 0.5671], [-0.87602, -0.06498, -0.93978], [-0.85529, -0.05899, 0.95496], [-0.74746, -0.2511, -0.77432], [-0.52946, -0.25084, 0.97954], [-0.19643, 0.23916, 0.90471], [-0.37639, -0.0361, 1.23886], [-0.12411, -0.07583, -0.7493], [-0.44643, -0.21053, 0.75481], [-0.11129, -0.04781, -1.26949], [0.05744, 0.05552, 0.77442], [-0.20167, 0.24131, -0.86177], [0.10322, -0.15048, 0.80119], [0.34448, 0.06005, 1.23112], [-0.23234, 0.16894, -1.19775], [-0.03645, -0.26698, -1.08651], [0.38628, -0.18435, 1.14803], [0.1148, -0.15701, -0.80809], [-0.10459, 0.245, 1.12965], [0.47678, -0.0522, -1.18116], [0.52021, 0.25833, -0.97359], [0.56937, -0.26332, 0.92065], [0.61433, 0.1466, 0.54653], [0.70431, -0.21894, -0.52091], [0.57507, -0.0671, 0.47012], [0.42747, 0.16379, -0.69374], [0.6884, -0.01485, -0.31726], [0.83236, -0.18434, 0.08985], [0.80258, 0.14474, -0.14734], [0.83589, 0.26116, 0.69937], [1.04553, -0.2573, 0.28871], [1.05504, 0.25758, 0.09895], [0.9857, 0.09008, -0.81528], [0.94563, -0.02206, 0.86416], [0.9054, -0.23635, -0.70149], [1.22111, -0.14424, -0.12635], [1.22578, 0.02939, 0.35624], [1.22143, 0.1426, -0.2006]], "faces": [[47, 46, 44], [43, 32, 40], [37, 29, 38], [38, 29, 35], [35, 29, 27], [6, 8, 5], [7, 16, 4], [34, 43, 40], [38, 35, 39], [42, 39, 35], [42, 46, 47], [47, 44, 49], [49, 32, 43], [49, 44, 32], [42, 35, 46], [38, 40, 37], [40, 32, 37], [46, 31, 44], [35, 27, 46], [46, 27, 31], [44, 31, 32], [29, 37, 23], [31, 26, 32], [32, 23, 37], [23, 19, 29], [31, 21, 26], [32, 26, 23], [31, 27, 21], [27, 29, 15], [23, 26, 6], [21, 13, 26], [6, 11, 23], [23, 11, 19], [27, 13, 21], [19, 11, 10], [29, 19, 15], [27, 15, 13], [26, 13, 6], [19, 10, 4], [15, 19, 4], [11, 5, 10], [6, 13, 3], [15, 4, 13], [13, 0, 3], [11, 6, 5], [5, 7, 10], [10, 7, 4], [13, 4, 0], [4, 2, 0], [0, 1, 3], [6, 3, 8], [0, 2, 1], [5, 8, 7], [3, 9, 8], [3, 1, 9], [7, 8, 12], [2, 14, 1], [4, 16, 2], [14, 9, 1], [12, 20, 7], [7, 20, 16], [14, 2, 16], [8, 17, 12], [14, 18, 9], [9, 30, 8], [12, 17, 22], [9, 18, 30], [14, 16, 18], [8, 30, 17], [12, 22, 24], [20, 12, 24], [16, 28, 18], [30, 18, 25], [20, 33, 16], [28, 25, 18], [20, 24, 33], [16, 33, 28], [22, 17, 34], [17, 41, 34], [30, 25, 41], [17, 30, 41], [34, 36, 22], [22, 36, 24], [25, 45, 41], [33, 24, 36], [28, 33, 45], [25, 28, 45], [45, 48, 41], [33, 42, 45], [41, 43, 34], [36, 39, 33], [33, 39, 42], [45, 42, 48], [41, 48, 43], [36, 34, 39], [42, 47, 48], [43, 48, 49], [34, 40, 38], [34, 38, 39], [48, 47, 49]], "colorProfiles": {"means": {"start": 0, "end": 10, "data": [[0.0, 0.0, 0.0, 0.0, 0.0, 0.0, 0.0, 0.0, 0.0, 0.0, 0.0, 0.0, 0.0, 0.0, 0.0, 0.0, 0.0, 0.0, 0.0, 0.0, 0.0, 0.0, 0.0, 0.0, 0.0, 0.0, 0.0, -1.0, 0.0, 0.0, 0.0, 0.0, 0.0, 0.0, 0.0, 0.0, 0.0, 0.0, 0.0, 0.0, 0.0, 1.0, 0.0, 0.0, 0.0, 0.0, 0.0, 0.0, 0.0, 0.0], [0.027200000000000002, -0.19234, -0.14473000000000003, -0.2933, -0.27621, -1.02489, -0.29774, -0.34235000000000004, -0.50309, -0.23074000000000003, -4.068160000000001, -2.7299700000000002, -0.20089, 4.258, -0.04802000000000001, -2.4623600000000003, 0.1469, -0.97401, 0.28754, -8.679580000000001, 0.27440000000000003, -15.810500000000001, 2.343, -7.444730000000001, 2.68344, 3.03174, -10.52867, -1.0, 3.4381600000000003, -13.03265, -0.06773000000000001, -4.26254, -3.6730400000000003, 4.7363100000000005, 10.05047, 1.45381, 6.36343, -4.53237, 0.42829000000000006, 3.3664, 0.77846, 0.99999, 3.2908100000000005, 1.09024, -0.7710100000000001, 7.03138, 0.9982800000000001, 1.7606600000000001, 2.70129, 0.9291900000000001], [-0.33998, -0.62702, -0.59057, -0.80674, -1.0904800000000001, -1.9069900000000002, -0.60845, -0.9028200000000001, -1.13564, -0.59855, -6.986160000000001, -4.62354, -0.41228000000000004, 7.05501, -0.2025, -3.0510900000000003, 0.25855, -1.3267000000000002, 0.57349, -14.491290000000001, 0.41153, -19.44094, 3.8518600000000003, -12.478190000000001, 4.436260000000001, 3.91915, -17.60104, -1.00059, 5.7690600000000005, -15.999820000000001, -0.024480000000000002, -5.390440000000001, -6.03795, 8.0222, 12.302880000000002, 1.9255700000000002, 10.65074, -7.424100000000001, 0.98423, 5.761640000000001, 1.48046, 1.00061, 5.675870000000001, 1.6575600000000001, -0.8334, 8.67861, 1.46452, 3.1109700000000005, 3.6919000000000004, 1.7624400000000002], [-0.87036, -1.08582, -0.95515, -1.29779, -1.6348600000000002, -2.14974, -0.72179, -1.40154, -1.4254900000000001, -0.86792, -6.174600000000001, -4.29975, -0.6769900000000001, 5.85885, -0.49469, -2.2690300000000003, -0.04333, -1.24902, 0.09972, -12.126420000000001, 0.07604000000000001, -13.64511, 3.0921800000000004, -10.398370000000002, 3.5535, 2.82039, -14.610240000000001, -0.9981900000000001, 4.73373, -11.21546, -0.23463000000000003, -3.9525300000000003, -4.924510000000001, 6.608670000000001, 8.64254, 1.59939, 8.90568, -6.06475, 1.17267, 4.9461900000000005, 1.51916, 0.9978000000000001, 4.84433, 1.4974500000000002, -0.7298600000000001, 6.18792, 1.31363, 2.7685400000000002, 2.9880600000000004, 1.6476100000000002], [-1.10512, -1.2578900000000002, -0.9599400000000001, -1.49998, -1.6616300000000002, -1.8697800000000002, -0.85489, -1.6932800000000001, -1.5234500000000002, -1.21126, -3.2880900000000004, -2.6312100000000003, -1.10745, 2.5711000000000004, -0.9380700000000001, -1.0539, -0.7915500000000001, -1.01152, -1.2175500000000001, -5.52766, -0.67064, -4.1737, 1.2958, -4.73561, 1.4212200000000001, 2.1474, -6.51055, -0.99682, 2.4894700000000003, -3.39767, -0.43234000000000006, -1.2259300000000002, -1.91972, 3.12948, 2.7393, 1.03204, 4.10175, -2.5495500000000004, 1.09844, 2.49859, 1.18033, 0.9966, 2.4317900000000003, 1.0739100000000001, 0.37965000000000004, 2.19328, 1.01336, 1.6370500000000001, 1.56126, 1.21646], [-0.06292, -1.13128, -0.9428200000000001, -1.0955400000000002, -1.5913400000000002, -1.33126, -1.2757900000000002, -1.5866200000000001, -1.2931000000000001, -1.37714, -0.06847, -1.6959700000000002, -1.32793, -1.1573, -1.308, -2.7525600000000003, -1.34243, -0.81596, -1.9303200000000003, 2.3846100000000003, -1.27587, 3.8901700000000003, -0.79825, 1.3485800000000001, -0.72418, 1.2658600000000002, 1.76018, -0.9969300000000001, 0.24507, 3.52523, -0.64863, 1.3485200000000002, 1.3353300000000001, -0.3037, -2.3579600000000003, 0.8925500000000001, -1.14907, 0.9691200000000001, 0.96374, 0.05174, 1.3167300000000002, 0.9975100000000001, 0.16247, 1.3228600000000001, 1.54146, -1.39507, 0.9622400000000001, 0.77141, 0.5817300000000001, 1.1040400000000001], [1.0205600000000001, -1.68978, -1.00746, -2.11742, -1.0792300000000001, -0.9878600000000001, -1.9176700000000002, -1.14259, -1.10287, -1.2642600000000002, 1.6871900000000002, -1.47713, -1.2683300000000002, -3.38545, -1.31857, -3.6719100000000005, -1.29726, -0.6396000000000001, -1.56685, 6.792650000000001, -1.2815200000000002, 7.5420300000000005, -1.77347, 4.70523, -1.0530300000000001, 3.7694000000000005, 6.3557500000000005, -0.9998900000000001, 0.81937, 6.682200000000001, -0.08289, 2.63185, 3.2463100000000003, -0.7212000000000001, -4.6863, 0.9570200000000001, -3.9769300000000003, 3.0211500000000004, 0.9343000000000001, -1.3865500000000002, 1.26811, 1.0012800000000002, -1.10517, 1.34803, 1.9884000000000002, -2.95039, 0.9998000000000001, 0.3058, -0.09579000000000001, 1.0958], [1.41494, -1.7210100000000002, -0.9993400000000001, -2.50902, -0.8635900000000001, -0.83925, -2.0275000000000003, -0.8724400000000001, -0.9188600000000001, -1.0190000000000001, 1.59155, -1.1206, -1.0268700000000002, -3.59968, -1.07209, -2.8427300000000004, -0.9431800000000001, -0.35039000000000003, -0.9663600000000001, 6.75785, -0.9726300000000001, 6.71093, -1.78543, 4.84353, -0.97106, 