{"vertices": [[0.0, 0.52573, 0.85065], [0.0, -0.52573, 0.85065], [0.52573, 0.85065, 0.0], [-0.52573, 0.85065, 0.0], [0.85065, 0.0, 0.52573], [-0.85065, 0.0, 0.52573], [-0.0, -0.52573, -0.85065], [-0.0, 0.52573, -0.85065], [-0.52573, -0.85065, -0.0], [0.52573, -0.85065, -0.0], [-0.85065, -0.0, -0.52573], [0.85065, -0.0, -0.52573]], "faces": [[0, 5, 1], [0, 3, 5], [0, 2, 3], [0, 4, 2], [0, 1, 4], [1, 5, 8], [5, 3, 10], [3, 2, 7], [2, 4, 11], [4, 1, 9], [7, 11, 6], [11, 9, 6], [9, 8, 6], [8, 10, 6], [10, 7, 6], [2, 11, 7], [4, 9, 11], [1, 8, 9], [5, 10, 8], [3, 7, 10]], "colorProfiles": {"means": {"start": 0, "end": 42, "data": [[0.0, 0.0, 1.0, 0.0, 0.0, 0.0, 0.0, 0.0, -1.0, 0.0, 0.0, 0.0], [0.11714000000000001, -0.11714000000000001, 1.00947, 0.11714000000000001, 0.11714000000000001, -0.11714000000000001, -0.11714000000000001, 0.11714000000000001, -1.00947, -0.11714000000000001, -0.11714000000000001, 0.11714000000000001], [0.16625, -0.16625, 1.01147, 0.16625, 0.16625, -0.16625, -0.16625, 0.16625, -1.01147, -0.16625, -0.16625, 0.16625], [0.18633000000000002, -0.18633000000000002, 1.00387, 0.18633000000000002, 0.18633000000000002, -0.18633000000000002, -0.18633000000000002, 0.18633000000000002, -1.00387, -0.18633000000000002, -0.18633000000000002, 0.18633000000000002], [0.19433, -0.19433, 1.00078, 0.19433, 0.19433, -0.19433, -0.19433, 0.19433, -1.00078, -0.19433, -0.19433, 0.19433], [0.19760000000000003, -0.19760000000000003, 1.0002, 0.19760000000000003, 0.19760000000000003, -0.19760000000000003, -0.19760000000000003, 0.19760000000000003, -1.0002, -0.19760000000000003, -0.19760000000000003, 0.19760000000000003], [0.19898000000000002, -0.19898000000000002, 1.00007, 0.19898000000000002, 0.19898000000000002, -0.19898000000000002, -0.19898000000000002, 0.19898000000000002, -1.00007, -0.19898000000000002, -0.19898000000000002, 0.19898000000000002], [0.19956000000000002, -0.19956000000000002, 1.00003, 0.19956000000000002, 0.19956000000000002, -0.19956000000000002, -0.19956000000000002, 0.19956000000000002, -1.00003, -0.19956000000000002, -0.19956000000000002, 0.19956000000000002], [0.19981000000000002, -0.19981000000000002, 1.00001, 0.19981000000000002, 0.19981000000000002, -0.19981000000000002, -0.19981000000000002, 0.19981000000000002, -1.00001, -0.19981000000000002, -0.19981000000000002, 0.19981000000000002], [0.19992000000000001, -0.19992000000000001, 1.0, 0.19992000000000001, 0.19992000000000001, -0.19992000000000001, -0.19992000000000001, 0.19992000000000001, -1.0, -0.19992000000000001, -0.19992000000000001, 0.19992000000000001], [0.19997, -0.19997, 1.0, 0.19997, 0.19997, -0.19997, -0.19997, 0.19997, -1.0, -0.19997, -0.19997, 0.19997], [0.19999000000000003, -0.19999000000000003, 1.0, 0.19999000000000003, 0.19999000000000003, -0.19999000000000003, -0.19999000000000003, 0.19999000000000003, -1.0, -0.19999000000000003, -0.19999000000000003, 0.19999000000000003], [0.19999000000000003, -0.19999000000000003, 1.0, 0.19999000000000003, 0.19999000000000003, -0.19999000000000003, -0.19999000000000003, 0.19999000000000003, -1.0, -0.19999000000000003, -0.19999000000000003, 0.19999000000000003], [0.2, -0.2, 1.0, 0.2, 0.2, -0.2, -0.2, 0.2, -1.0, -0.2, -0.2, 0.2], [0.2, -0.2, 1.0, 0.2, 0.2, -0.2, -0.2, 0.2, -1.0, -0.2, -0.2, 0.2], [0.2, -0.2, 1.0, 0.2, 0.2, -0.2, -0.2, 0.2, -1.0, -0.2, -0.2, 0.2], [0.2, -0.2, 1.0, 0.2, 0.2, -0.2, -0.2, 0.2, -1.0, -0.2, -0.2, 0.2], [0.2, -0.2, 1.0, 0.2, 0.2, -0.2, -0.2, 0.2, -1.0, -0.2, -0.2, 0.2], [0.2, -0.2, 1.0, 0.2, 0.2, -0.2, -0.2, 0.2, -1.0, -0.2, -0.2, 0.2], [0.2, -0.2, 1.0, 0.2, 0.2, -0.2, -0.2, 0.2, -1.0, -0.2, -0.2, 0.2], [0.2, -0.2, 1.0, 0.2, 0.2, -0.2, -0.2, 0.2, -1.0, -0.2, -0.2, 0.2], [0.2, -0.2, 1.0, 0.2, 0.2, -0.2, -0.2, 0.2, -1.0, -0.2, -0.2, 0.2], [0.2, -0.2, 1.0, 0.2, 0.2, -0.2, -0.2, 0.2, -1.0, -0.2, -0.2, 0.2], [0.2, -0.2, 1.0, 0.2, 0.2, -0.2, -0.2, 0.2, -1.0, -0.2, -0.2, 0.2], [0.2, -0.2, 1.0, 0.2, 0.2, -0.2, -0.2, 0.2, -1.0, -0.2, -0.2, 0.2], [0.2, -0.2, 1.0, 0.2, 0.2, -0.2, -0.2, 0.2, -1.0, -0.2, -0.2, 0.2], [0.2, -0.2, 1.0, 0.2, 0.2, -0.2, -0.2, 0.2, -1.0, -0.2, -0.2, 0.2], [0.2, -0.2, 1.0, 0.2, 0.2, -0.2, -0.2, 0.2, -1.0, -0.2, -0.2, 0.2], [0.2, -0.2, 1.0, 0.2, 0.2, -0.2, -0.2, 0.2, -1.0, -0.2, -0.2, 0.2], [0.2, -0.2, 1.0, 0.2, 0.2, -0.2, -0.2, 0.2, -1.0, -0.2, -0.2, 0.2], [0.2, -0.2, 1.0, 0.2, 0.2, -0.2, -0.2, 0.2, -1.0, -0.2, -0.2, 0.2], [0.2, -0.2, 1.0, 0.2, 0.2, -0.2, -0.2, 0.2, -1.0, -0.2, -0.2, 0.2], [0.2, -0.2, 1.0, 0.2, 0.2, -0.2, -0.2, 0.2, -1.0, -0.2, -0.2, 0.2], [0.2, -0.2, 1.0, 0.2, 0.2, -0.2, -0.2, 0.2, -1.0, -0.2, -0.2, 0.2], [0.2, -0.2, 1.0, 0.2, 0.2, -0.2, -0.2, 0.2, -1.0, -0.2, -0.2, 0.2], [0.2, -0.2, 1.0, 0.2, 0.2, -0.2, -0.2, 0.2, -1.0, -0.2, -0.2, 0.2], [0.2, -0.2, 1.0, 0.2, 0.2, -0.2, -0.2, 0.2, -1.0, -0.2, -0.2, 0.2], [0.2, -0.2, 1.0, 0.2, 0.2, -0.2, -0.2, 0.2, -1.0, -0.2, -0.2, 0.2], [0.2, -0.2, 1.0, 0.2, 0.2, -0.2, -0.2, 0.2, -1.0, -0.2, -0.2, 0.2], [0.2, -0.2, 1.0, 0.2, 0.2, -0.2, -0.2, 0.2, -1.0, -0.2, -0.2, 0.2], [0.2, -0.2, 1.0, 0.2, 0.2, -0.2, -0.2, 0.2, -1.0, -0.2, -0.2, 0.2], [0.2, -0.2, 1.0, 0.2, 0.2, -0.2, -0.2, 0.2, -1.0, -0.2, -0.2, 0.2]]}, "stds": {"start": 0, "end": 42,