{"vertices": [[-1.23365, 0.02679, -0.30952], [-1.25229, 0.05873, 0.26589], [-1.13908, -0.22388, 0.27215], [-1.16856, 0.21276, -0.24168], [-1.01066, -0.26616, -0.27839], [-0.73937, 0.07615, -0.19518], [-0.7888, 0.25738, -0.76727], [-0.79569, -0.13215, 0.01121], [-0.76442, 0.22931, 0.43635], [-0.90364, 0.19268, 0.80047], [-0.53701, -0.05767, -0.53768], [-0.57141, 0.20023, -0.6134], [-0.48793, 0.0437, 0.5671], [-0.87602, -0.06498, -0.93978], [-0.85529, -0.05899, 0.95496], [-0.74746, -0.2511, -0.77432], [-0.52946, -0.25084, 0.97954], [-0.19643, 0.23916, 0.90471], [-0.37639, -0.0361, 1.23886], [-0.12411, -0.07583, -0.7493], [-0.44643, -0.21053, 0.75481], [-0.11129, -0.04781, -1.26949], [0.05744, 0.05552, 0.77442], [-0.20167, 0.24131, -0.86177], [0.10322, -0.15048, 0.80119], [0.34448, 0.06005, 1.23112], [-0.23234, 0.16894, -1.19775], [-0.03645, -0.26698, -1.08651], [0.38628, -0.18435, 1.14803], [0.1148, -0.15701, -0.80809], [-0.10459, 0.245, 1.12965], [0.47678, -0.0522, -1.18116], [0.52021, 0.25833, -0.97359], [0.56937, -0.26332, 0.92065], [0.61433, 0.1466, 0.54653], [0.70431, -0.21894, -0.52091], [0.57507, -0.0671, 0.47012], [0.42747, 0.16379, -0.69374], [0.6884, -0.01485, -0.31726], [0.83236, -0.18434, 0.08985], [0.80258, 0.14474, -0.14734], [0.83589, 0.26116, 0.69937], [1.04553, -0.2573, 0.28871], [1.05504, 0.25758, 0.09895], [0.9857, 0.09008, -0.81528], [0.94563, -0.02206, 0.86416], [0.9054, -0.23635, -0.70149], [1.22111, -0.14424, -0.12635], [1.22578, 0.02939, 0.35624], [1.22143, 0.1426, -0.2006]], "faces": [[47, 46, 44], [43, 32, 40], [37, 29, 38], [38, 29, 35], [35, 29, 27], [6, 8, 5], [7, 16, 4], [34, 43, 40], [38, 35, 39], [42, 39, 35], [42, 46, 47], [47, 44, 49], [49, 32, 43], [49, 44, 32], [42, 35, 46], [38, 40, 37], [40, 32, 37], [46, 31, 44], [35, 27, 46], [46, 27, 31], [44, 31, 32], [29, 37, 23], [31, 26, 32], [32, 23, 37], [23, 19, 29], [31, 21, 26], [32, 26, 23], [31, 27, 21], [27, 29, 15], [23, 26, 6], [21, 13, 26], [6, 11, 23], [23, 11, 19], [27, 13, 21], [19, 11, 10], [29, 19, 15], [27, 15, 13], [26, 13, 6], [19, 10, 4], [15, 19, 4], [11, 5, 10], [6, 13, 3], [15, 4, 13], [13, 0, 3], [11, 6, 5], [5, 7, 10], [10, 7, 4], [13, 4, 0], [4, 2, 0], [0, 1, 3], [6, 3, 8], [0, 2, 1], [5, 8, 7], [3, 9, 8], [3, 1, 9], [7, 8, 12], [2, 14, 1], [4, 16, 2], [14, 9, 1], [12, 20, 7], [7, 20, 16], [14, 2, 16], [8, 17, 12], [14, 18, 9], [9, 30, 8], [12, 17, 22], [9, 18, 30], [14, 16, 18], [8, 30, 17], [12, 22, 24], [20, 12, 24], [16, 28, 18], [30, 18, 25], [20, 33, 16], [28, 25, 18], [20, 24, 33], [16, 33, 28], [22, 17, 34], [17, 41, 34], [30, 25, 41], [17, 30, 41], [34, 36, 22], [22, 36, 24], [25, 45, 41], [33, 24, 36], [28, 33, 45], [25, 28, 45], [45, 48, 41], [33, 42, 45], [41, 43, 34], [36, 39, 33], [33, 39, 42], [45, 42, 48], [41, 48, 43], [36, 34, 39], [42, 47, 48], [43, 48, 49], [34, 40, 38], [34, 38, 39], [48, 47, 49]], "colorProfiles": {"means": {"start": 0, "end": 10, "data": [[0.0, 0.0, 0.0, 0.0, 0.0, 0.0, 0.0, 0.0, 0.0, 0.0, 0.0, 0.0, 0.0, 0.0, 0.0, 0.0, 0.0, 0.0, 0.0, 0.0, 0.0, 0.0, 0.0, 0.0, 0.0, 0.0, 0.0, -1.0, 0.0, 0.0, 0.0, 0.0, 0.0, 0.0, 0.0, 0.0, 0.0, 0.0, 0.0, 0.0, 0.0, 1.0, 0.0, 0.0, 0.0, 0.0, 0.0, 0.0, 0.0, 0.0], [-0.10760000000000002, -0.04014, -0.03855, -0.10197, -0.11821000000000001, -0.17842000000000002, -0.32538, -0.08320000000000001, -0.01115, 0.006920000000000001, -0.32487000000000005, -0.35883000000000004, 0.033830000000000006, -0.36763, 0.01625, -0.35423000000000004, 0.041550000000000004, 0.13191, 0.09698000000000001, -0.49412000000000006, 0.04229, -0.62204, 0.14621, -0.57599, 0.16238000000000002, 0.20927, -0.6566500000000001, -0.54357, 0.23782000000000003, -0.49067000000000005, 0.15758000000000003, -0.48451000000000005, -0.44349000000000005, 0.26264000000000004, 0.13871, -0.16871000000000003, 0.17399, -0.37004000000000004, -0.07929000000000001, 0.11197000000000001, -0.0033200000000000005, 0.08377000000000001, 0.20944000000000002, 0.15026, -0.22041000000000002, 0.20035000000000003, -0.18304, 0.1009, 0.20083, 0.07966000000000001], [-0.4802, -0.279, -0.27401000000000003, -0.45467, -0.48598, -0.36772000000000005, -0.5532100000000001, -0.32678, -0.12089000000000001, -0.01135, -0.45820000000000005, -0.48622000000000004, -0.01675, -0.555, 0.04376, -0.52176, 0.12133000000000001, 0.06443, 0.12342000000000002, -0.43203, 0.06266000000000001, -0.38479, 0.0485, -0.40512000000000004, 0.04952, 0.07744000000000001, -0.38227000000000005, -0.24921000000000001, 0.06253, -0.40081000000000006, 0.10474000000000001, -0.3996, -0.40778000000000003, 0.0335, 0.00372, -0.37566000000000005, -0.03731, -0.38509000000000004, -0.33608000000000005, -0.20481000000000002, -0.28348, -0.11723000000000001, -0.17281000000000002, -0.23469, -0.39501000000000003, 0.01132, -0.40028, -0.28366, -0.16349000000000002, -0.29997], [-0.22599000000000002, -0.32085, -0.31910000000000005, -0.23741, -0.22332000000000002, -0.23908000000000001, -0.12283000000000001, -0.28136, -0.38376000000000005, -0.42437, -0.1625, -0.14044, -0.40542000000000006, -0.10647000000000001, -0.43159000000000003, -0.12443000000000001, -0.44246, -0.42155000000000004, -0.43321000000000004, -0.11494000000000001, -0.42896, -0.0951, -0.46468000000000004, -0.11006, -0.47370000000000007, -0.46997000000000005, -0.09614, -0.20519, -0.48174000000000006, -0.12407000000000001, -0.42563, -0.11352000000000001, -0.11969, -0.5113800000000001, -0.55271, -0.26276000000000005, -0.5234000000000001, -0.17307, -0.32812, -0.47315, -0.38885000000000003, -0.46370000000000006, -0.53524, -0.48799000000000003, -0.22377000000000002, -0.5642900000000001, -0.23850000000000002, -0.43668, -0.5436000000000001, -0.42131], [-0.11531000000000001, -0.32273, -0.33687, -0.14125000000000001, -0.10154, -0.23003, -0.029030000000000004, -0.29007000000000005, -0.49443000000000004, -0.6144000000000001, -0.11910000000000001, -0.08664000000000001, -0.6815000000000001, -0.02493, -0.7053, -0.055360000000000006, -0.8458600000000001, -0.89822, -0.93186, -0.13789, -0.7801100000000001, -0.14539000000000002, -0.8359900000000001, -0.12978, -0.8361900000000001, -0.9506000000000001, -0.12788000000000002, -0.08831000000000001, -0.9306300000000001, -0.18602000000000002, -0.9877500000000001, -0.24257, -0.26622, -0.8702500000000001, -0.6807500000000001, -0.30811000000000005, -0.67854, -0.26567, -0.33425000000000005, -0.45292000000000004, -0.37881000000000004, -0.75936, -0.47835000000000005, -0.41795000000000004, -0.30473, -0.72357, -0.30450000000000005, -0.38489, -0.47854, -0.36879], [-0.5952400000000001, -0.63692, -0.63205, -0.5981700000000001, -0.58982, -0.55023, -0.46687000000000006, -0.59826, -0.64648, -0.6550400000000001, -0.46456000000000003, -0.45085000000000003, -0.6264000000000001, -0.44364000000000003, -0.64222, -0.44836000000000004, -0.6240600000000001, -0.6018600000000001, -0.60409, -0.35508, -0.62319, -0.29474, -0.6258400000000001, -0.33838, -0.6320800000000001, -0.61285, -0.30547, -0.33311, -0.6234500000000001, -0.33005, -0.5907100000000001, -0.31276000000000004, -0.32511, -0.6445900000000001, -0.6706300000000001, -0.46259000000000006, -0.6560900000000001, -0.37309000000000003, -0.51687, -0.6314900000000001, -0.56549, -0.6414200000000001, -0.6846300000000001, -0.65256, -0.42772000000000004, -0.6786700000000001, -0.44453000000000004, -0.6143900000000001, -0.6901700000000001, -0.60274], [-0.8412900000000001, -0.6972400000000001, -0.69371, -0.8239700000000001, -0.8520900000000001, -0.79232, -0.9505000000000001, -0.7395, -0.59253, -0.5186200000000001, -0.8863200000000001, -0.9165900000000001, -0.5053500000000001, -0.9655300000000001, -0.47774000000000005, -0.93964, -0.41464, -0.41067000000000004, -0.38820000000000005, -0.9089300000000001, -0.45118, -0.92537, -0.41455000000000003, -0.9244000000000001, -0.40909, -0.36959000000000003, -0.9396200000000001, -0.8938400000000001, -0.37015000000000003, -0.87482, -0.37239000000000005, -0.84423, -0.8219400000000001, -0.37796, -0.43395000000000006, -0.71252, -0.44324, -0.7957200000000001, -0.6645800000000001, 