{"vertices": [[-1.23365, 0.02679, -0.30952], [-1.25229, 0.05873, 0.26589], [-1.13908, -0.22388, 0.27215], [-1.16856, 0.21276, -0.24168], [-1.01066, -0.26616, -0.27839], [-0.73937, 0.07615, -0.19518], [-0.7888, 0.25738, -0.76727], [-0.79569, -0.13215, 0.01121], [-0.76442, 0.22931, 0.43635], [-0.90364, 0.19268, 0.80047], [-0.53701, -0.05767, -0.53768], [-0.57141, 0.20023, -0.6134], [-0.48793, 0.0437, 0.5671], [-0.87602, -0.06498, -0.93978], [-0.85529, -0.05899, 0.95496], [-0.74746, -0.2511, -0.77432], [-0.52946, -0.25084, 0.97954], [-0.19643, 0.23916, 0.90471], [-0.37639, -0.0361, 1.23886], [-0.12411, -0.07583, -0.7493], [-0.44643, -0.21053, 0.75481], [-0.11129, -0.04781, -1.26949], [0.05744, 0.05552, 0.77442], [-0.20167, 0.24131, -0.86177], [0.10322, -0.15048, 0.80119], [0.34448, 0.06005, 1.23112], [-0.23234, 0.16894, -1.19775], [-0.03645, -0.26698, -1.08651], [0.38628, -0.18435, 1.14803], [0.1148, -0.15701, -0.80809], [-0.10459, 0.245, 1.12965], [0.47678, -0.0522, -1.18116], [0.52021, 0.25833, -0.97359], [0.56937, -0.26332, 0.92065], [0.61433, 0.1466, 0.54653], [0.70431, -0.21894, -0.52091], [0.57507, -0.0671, 0.47012], [0.42747, 0.16379, -0.69374], [0.6884, -0.01485, -0.31726], [0.83236, -0.18434, 0.08985], [0.80258, 0.14474, -0.14734], [0.83589, 0.26116, 0.69937], [1.04553, -0.2573, 0.28871], [1.05504, 0.25758, 0.09895], [0.9857, 0.09008, -0.81528], [0.94563, -0.02206, 0.86416], [0.9054, -0.23635, -0.70149], [1.22111, -0.14424, -0.12635], [1.22578, 0.02939, 0.35624], [1.22143, 0.1426, -0.2006]], "faces": [[47, 46, 44], [43, 32, 40], [37, 29, 38], [38, 29, 35], [35, 29, 27], [6, 8, 5], [7, 16, 4], [34, 43, 40], [38, 35, 39], [42, 39, 35], [42, 46, 47], [47, 44, 49], [49, 32, 43], [49, 44, 32], [42, 35, 46], [38, 40, 37], [40, 32, 37], [46, 31, 44], [35, 27, 46], [46, 27, 31], [44, 31, 32], [29, 37, 23], [31, 26, 32], [32, 23, 37], [23, 19, 29], [31, 21, 26], [32, 26, 23], [31, 27, 21], [27, 29, 15], [23, 26, 6], [21, 13, 26], [6, 11, 23], [23, 11, 19], [27, 13, 21], [19, 11, 10], [29, 19, 15], [27, 15, 13], [26, 13, 6], [19, 10, 4], [15, 19, 4], [11, 5, 10], [6, 13, 3], [15, 4, 13], [13, 0, 3], [11, 6, 5], [5, 7, 10], [10, 7, 4], [13, 4, 0], [4, 2, 0], [0, 1, 3], [6, 3, 8], [0, 2, 1], [5, 8, 7], [3, 9, 8], [3, 1, 9], [7, 8, 12], [2, 14, 1], [4, 16, 2], [14, 9, 1], [12, 20, 7], [7, 20, 16], [14, 2, 16], [8, 17, 12], [14, 18, 9], [9, 30, 8], [12, 17, 22], [9, 18, 30], [14, 16, 18], [8, 30, 17], [12, 22, 24], [20, 12, 24], [16, 28, 18], [30, 18, 25], [20, 33, 16], [28, 25, 18], [20, 24, 33], [16, 33, 28], [22, 17, 34], [17, 41, 34], [30, 25, 41], [17, 30, 41], [34, 36, 22], [22, 36, 24], [25, 45, 41], [33, 24, 36], [28, 33, 45], [25, 28, 45], [45, 48, 41], [33, 42, 45], [41, 43, 34], [36, 39, 33], [33, 39, 42], [45, 42, 48], [41, 48, 43], [36, 34, 39], [42, 47, 48], [43, 48, 49], [34, 40, 38], [34, 38, 39], [48, 47, 49]], "colorProfiles": {"means": {"start": 0, "end": 10, "data": [[0.0, 0.0, 0.0, 0.0, 0.0, 0.0, 0.0, 0.0, 0.0, 0.0, 0.0, 0.0, 0.0, 0.0, 0.0, 0.0, 0.0, 0.0, 0.0, 0.0, 0.0, 0.0, 0.0, 0.0, 0.0, 0.0, 0.0, -1.0, 0.0, 0.0, 0.0, 0.0, 0.0, 0.0, 0.0, 0.0, 0.0, 0.0, 0.0, 0.0, 0.0, 1.0, 0.0, 0.0, 0.0, 0.0, 0.0, 0.0, 0.0, 0.0], [-0.10211, -0.053380000000000004, -0.05222, -0.09803, -0.10678000000000001, -0.14746, -0.24949000000000002, -0.08164, -0.030420000000000003, -0.01657, -0.24910000000000002, -0.27514, 0.0010400000000000001, -0.27953, -0.01063, -0.26756, 0.0046300000000000004, 0.0698, 0.04241, -0.36312000000000005, 0.007350000000000001, -0.45170000000000005, 0.08814000000000001, -0.43543000000000004, 0.10657000000000001, 0.13340000000000002, -0.49673000000000006, -0.43224, 0.16521000000000002, -0.34981, 0.08526, -0.35968000000000006, -0.33375000000000005, 0.19177000000000002, 0.08008000000000001, -0.1431, 0.11657000000000001, -0.27949, -0.07637000000000001, 0.06716000000000001, -0.022140000000000003, 0.08219000000000001, 0.13929000000000002, 0.08621000000000001, -0.18116000000000002, 0.13612000000000002, -0.15729, 0.05095, 0.12825, 0.03311], [-0.38112, -0.24880000000000002, -0.2451, -0.36450000000000005, -0.38830000000000003, -0.32868, -0.46855, -0.28597, -0.14974, -0.08141000000000001, -0.40986000000000006, -0.43077000000000004, -0.07634, -0.47844000000000003, -0.0449, -0.45701, 0.009800000000000001, -0.005690000000000001, 0.024990000000000002, -0.42831, -0.026940000000000002, -0.42361000000000004, -0.01923, -0.41383000000000003, -0.02229, 0.0103, -0.41200000000000003, -0.38867, -0.0041, -0.41801000000000005, 0.02672, -0.40494, -0.40049, -0.023690000000000003, -0.041150000000000006, -0.32173, -0.07093, -0.37269, -0.28503, -0.17845000000000003, -0.23954000000000003, -0.0709, -0.14404, -0.18030000000000002, -0.3421, -0.03676, -0.33505, -0.22026, -0.13554000000000002, -0.23067000000000001], [-0.36892, -0.36466000000000004, -0.36384000000000005, -0.36897, -0.37112, -0.35668000000000005, -0.35399, -0.36155000000000004, -0.3583, -0.35252000000000006, -0.35201000000000005, -0.3511, -0.34864, -0.34987, -0.34618000000000004, -0.34883000000000003, -0.33505, -0.33944, -0.33357000000000003, -0.33735000000000004, -0.34203, -0.33105, -0.35607000000000005, -0.34272, -0.35425, -0.34934000000000004, -0.33951000000000003, -0.34956000000000004, -0.34963000000000005, -0.33320000000000005, -0.33393, -0.33354, -0.33588, -0.36200000000000004, -0.40277, -0.37829, -0.39243000000000006, -0.34940000000000004, -0.39075000000000004, -0.41054, -0.40145000000000003, -0.38263, -0.42308, -0.4257, -0.36946, -0.39693, -0.37658, -0.41578000000000004, -0.42745000000000005, -0.41581], [-0.37388000000000005, -0.46554000000000006, -0.46938, -0.38491000000000003, -0.36755000000000004, -0.41338, -0.3174, -0.44423, -0.53718, -0.5865800000000001, -0.35631, -0.33923000000000003, -0.60335, -0.3119, -0.61775, -0.32667, -0.6670100000000001, -0.67857, -0.6921, -0.34911000000000003, -0.6418100000000001, -0.3416, -0.66978, -0.33906000000000003, -0.6743300000000001, -0.71057, -0.33225000000000005, -0.33674000000000004, -0.7099500000000001, -0.36873000000000006, -0.7087100000000001, -0.38577000000000006, -0.39681000000000005, -0.69869, -0.6375500000000001, -0.44521000000000005, -0.63321, -0.40884000000000004, -0.47062000000000004, -0.54632, -0.49963, -0.6589200000000001, -0.57086, -0.5364300000000001, -0.43483000000000005, -0.6581100000000001, -0.43782000000000004, -0.51444, -0.5712600000000001, -0.5044200000000001], [-0.58137, -0.64527, -0.6470800000000001, -0.5885, -0.57562, -0.59214, -0.514, -0.62399, -0.6893100000000001, -0.72082, -0.53444, -0.5225500000000001, -0.7285600000000001, -0.5038600000000001, -0.7386400000000001, -0.51298, -0.7675200000000001, -0.77522, -0.7831800000000001, -0.49814, -0.7512300000000001, -0.47841000000000006, -0.7687600000000001, -0.49221000000000004, -0.7705700000000001, -0.79383, -0.47989000000000004, -0.48457000000000006, -0.79198, -0.49878000000000006, -0.7942300000000001, -0.50441, -0.51397, -0.7857200000000001, -0.7506100000000001, -0.57754, -0.7430000000000001, -0.5330400000000001, -0.6042000000000001, -0.6769700000000001, -0.63412, -0.7513500000000001, -0.7032200000000001, -0.6772600000000001, -0.5630200000000001, -0.7637600000000001, -0.5697000000000001, -0.6537200000000001, -0.70621, -0.64568], [-0.8181, -0.8040100000000001, -0.80278, -0.8160600000000001, -0.8191700000000001, -0.8054300000000001, -0.8158900000000001, -0.80439, -0.7911900000000001, -0.7821400000000001, -0.8063300000000001, -0.8089000000000001, -0.7739600000000001, -0.8153300000000001, -0.774, -0.8123400000000001, -0.76168, -0.75304, -0.7523200000000001, -0.79346, -0.7657900000000001, -0.7878900000000001, -0.75394, -0.7935000000000001, -0.7538800000000001, -0.74341, -0.79188, -0.7827900000000001, -0.7443200000000001, -0.7831, -0.74502, -0.77397, -0.7705200000000001, -0.7457900000000001, -0.75524, -0.7688, -0.7547400000000001, -0.7730600000000001, -0.76773, -0.7637900000000001, -0.766, -0.7574700000000001, -0.76314, -0.76444, -0.7673700000000001, -0.75219, -0.76722, -0.76536, -0.76253, 