{"vertices": [[-1.23365, 0.02679, -0.30952], [-1.25229, 0.05873, 0.26589], [-1.13908, -0.22388, 0.27215], [-1.16856, 0.21276, -0.24168], [-1.01066, -0.26616, -0.27839], [-0.73937, 0.07615, -0.19518], [-0.7888, 0.25738, -0.76727], [-0.79569, -0.13215, 0.01121], [-0.76442, 0.22931, 0.43635], [-0.90364, 0.19268, 0.80047], [-0.53701, -0.05767, -0.53768], [-0.57141, 0.20023, -0.6134], [-0.48793, 0.0437, 0.5671], [-0.87602, -0.06498, -0.93978], [-0.85529, -0.05899, 0.95496], [-0.74746, -0.2511, -0.77432], [-0.52946, -0.25084, 0.97954], [-0.19643, 0.23916, 0.90471], [-0.37639, -0.0361, 1.23886], [-0.12411, -0.07583, -0.7493], [-0.44643, -0.21053, 0.75481], [-0.11129, -0.04781, -1.26949], [0.05744, 0.05552, 0.77442], [-0.20167, 0.24131, -0.86177], [0.10322, -0.15048, 0.80119], [0.34448, 0.06005, 1.23112], [-0.23234, 0.16894, -1.19775], [-0.03645, -0.26698, -1.08651], [0.38628, -0.18435, 1.14803], [0.1148, -0.15701, -0.80809], [-0.10459, 0.245, 1.12965], [0.47678, -0.0522, -1.18116], [0.52021, 0.25833, -0.97359], [0.56937, -0.26332, 0.92065], [0.61433, 0.1466, 0.54653], [0.70431, -0.21894, -0.52091], [0.57507, -0.0671, 0.47012], [0.42747, 0.16379, -0.69374], [0.6884, -0.01485, -0.31726], [0.83236, -0.18434, 0.08985], [0.80258, 0.14474, -0.14734], [0.83589, 0.26116, 0.69937], [1.04553, -0.2573, 0.28871], [1.05504, 0.25758, 0.09895], [0.9857, 0.09008, -0.81528], [0.94563, -0.02206, 0.86416], [0.9054, -0.23635, -0.70149], [1.22111, -0.14424, -0.12635], [1.22578, 0.02939, 0.35624], [1.22143, 0.1426, -0.2006]], "faces": [[47, 46, 44], [43, 32, 40], [37, 29, 38], [38, 29, 35], [35, 29, 27], [6, 8, 5], [7, 16, 4], [34, 43, 40], [38, 35, 39], [42, 39, 35], [42, 46, 47], [47, 44, 49], [49, 32, 43], [49, 44, 32], [42, 35, 46], [38, 40, 37], [40, 32, 37], [46, 31, 44], [35, 27, 46], [46, 27, 31], [44, 31, 32], [29, 37, 23], [31, 26, 32], [32, 23, 37], [23, 19, 29], [31, 21, 26], [32, 26, 23], [31, 27, 21], [27, 29, 15], [23, 26, 6], [21, 13, 26], [6, 11, 23], [23, 11, 19], [27, 13, 21], [19, 11, 10], [29, 19, 15], [27, 15, 13], [26, 13, 6], [19, 10, 4], [15, 19, 4], [11, 5, 10], [6, 13, 3], [15, 4, 13], [13, 0, 3], [11, 6, 5], [5, 7, 10], [10, 7, 4], [13, 4, 0], [4, 2, 0], [0, 1, 3], [6, 3, 8], [0, 2, 1], [5, 8, 7], [3, 9, 8], [3, 1, 9], [7, 8, 12], [2, 14, 1], [4, 16, 2], [14, 9, 1], [12, 20, 7], [7, 20, 16], [14, 2, 16], [8, 17, 12], [14, 18, 9], [9, 30, 8], [12, 17, 22], [9, 18, 30], [14, 16, 18], [8, 30, 17], [12, 22, 24], [20, 12, 24], [16, 28, 18], [30, 18, 25], [20, 33, 16], [28, 25, 18], [20, 24, 33], [16, 33, 28], [22, 17, 34], [17, 41, 34], [30, 25, 41], [17, 30, 41], [34, 36, 22], [22, 36, 24], [25, 45, 41], [33, 24, 36], [28, 33, 45], [25, 28, 45], [45, 48, 41], [33, 42, 45], [41, 43, 34], [36, 39, 33], [33, 39, 42], [45, 42, 48], [41, 48, 43], [36, 34, 39], [42, 47, 48], [43, 48, 49], [34, 40, 38], [34, 38, 39], [48, 47, 49]], "colorProfiles": {"means": {"start": 0, "end": 10, "data": [[0.0, 0.0, 0.0, 0.0, 0.0, 0.0, 0.0, 0.0, 0.0, 0.0, 0.0, 0.0, 0.0, 0.0, 0.0, 0.0, 0.0, 0.0, 0.0, 0.0, 0.0, 0.0, 0.0, 0.0, 0.0, 0.0, 0.0, -1.0, 0.0, 0.0, 0.0, 0.0, 0.0, 0.0, 0.0, 0.0, 0.0, 0.0, 0.0, 0.0, 0.0, 1.0, 0.0, 0.0, 0.0, 0.0, 0.0, 0.0, 0.0, 0.0], [1.13704, -0.59352, -1.8560900000000002, 1.2536900000000002, -6.47261, -13.15995, 0.8612700000000001, -4.922350000000001, -1.8249100000000003, -0.8532400000000001, -75.35505, -25.426730000000003, -3.3080300000000005, -15.328980000000001, 0.16771000000000003, 64.38728, 2.62571, 23.257600000000004, -1.0390400000000002, -176.8309, 4.94711, 354.79862, 38.38678, -5.170520000000001, 26.398100000000003, -29.7388, -108.00826, -1.0, 21.07149, 262.07750000000004, -0.9701200000000001, 12.615350000000001, -10.30114, 27.343130000000002, -141.42084, -64.22695, 102.24581, -50.170700000000004, 4.44137, 14.248990000000001, 27.307800000000004, 1.0, 10.699950000000001, 4.4503200000000005, 2.6314900000000003, -58.618480000000005, -5.8798200000000005, 5.242330000000001, -10.84289, 3.99427], [3.6013, -2.4381000000000004, -6.5551200000000005, 4.3095300000000005, -16.2953, -45.701100000000004, 2.12609, -17.23391, -6.361540000000001, -3.7484100000000002, -259.29145, -87.37132000000001, -7.596960000000001, -35.40973, 0.58757, 150.76855, 8.844800000000001, 55.056740000000005, -2.6303900000000002, -409.8527, 16.560360000000003, 835.8131300000001, 90.84149000000001, -11.600610000000001, 90.71565000000001, -72.13061, -246.01964, -0.9993500000000001, 49.73814, 619.0591900000001, -2.2392000000000003, 35.498830000000005, -23.649710000000002, 74.10923000000001, -339.8469, -148.88074, 234.01711000000003, -114.33221, 10.182110000000002, 32.177150000000005, 62.21022000000001, 0.9991800000000001, 24.616480000000003, 8.80405, 6.102250000000001, -144.61671, -15.102300000000001, 12.012010000000002, -28.412640000000003, 9.10316], [4.18025, -3.46763, -8.11548, 5.07399, -15.704390000000002, -54.74141, 2.1419300000000003, -20.785510000000002, -8.776720000000001, -5.86734, -309.58236000000005, -103.4796, -6.59346, -30.47754, -0.5254000000000001, 131.48898, 10.135150000000001, 48.47831, -2.64563, -354.83792000000005, 19.574520000000003, 733.65809, 80.53576000000001, -9.694700000000001, 108.10776000000001, -65.10121000000001, -208.63343, -0.9986400000000001, 43.96969000000001, 544.74077, -2.16718, 36.35025, -20.523690000000002, 75.01333000000001, -304.07919000000004, -128.59028, 199.61201000000003, -97.03872000000001, 8.73761, 27.020180000000003, 52.766490000000005, 0.9983500000000001, 21.15088, 6.24457, 5.32985, -132.40636, -14.394110000000001, 10.28242, -27.418120000000002, 7.741930000000001], [1.2046100000000002, -1.3671000000000002, -2.9018300000000004, 1.7330900000000002, -0.9931300000000001, -15.052980000000002, 1.17331, -6.284630000000001, -0.8717, -2.17707, -92.93353, -28.91805, 1.3300800000000002, 5.4521500000000005, -1.9898000000000002, -20.311970000000002, 2.4724600000000003, -6.93824, -0.19654000000000002, 58.73154, 5.721430000000001, -105.26526000000001, -10.1379, 2.26953, 32.13561, 6.351050000000001, 41.94547, -0.99916, -5.773840000000001, -75.98493, -1.30743, 3.4818200000000004, 3.1782600000000003, 5.99155, 34.186530000000005, 22.0023, -38.16364, 19.353180000000002, -1.7030800000000001, -6.58441, -10.692210000000001, 0.9990000000000001, -4.793950000000001, -3.8997500000000005, -1.05972, 10.0594, 1.31468, -1.9257000000000002, -2.0235700000000003, -0.9315800000000001], [-3.8417800000000004, 2.9379600000000003, 6.545190000000001, -4.12368, 18.54746, 52.205000000000005, -1.09836, 18.71317, 13.61007, 6.025980000000001, 277.57687000000004, 96.19129000000001, 10.7301, 47.591800000000006, -1.90952, -200.75239000000002, -9.97067, -73.79026, 3.3063100000000003, 546.9046500000001, -17.8659, -1108.82429, -119.77583000000001, 15.959930000000002, -97.47049000000001, 94.12594000000001, 331.83392000000003, -1.00041, -65.74493000000001, -820.3285800000001, -1.38856, -42.83654000000001, 31.295650000000002, -90.15322, 446.61377000000005, 199.33865000000003, -314.80509, 154.11986000000002, -13.969170000000002, -45.310680000000005, -84.15124, 1.0004300000000002, -35.47744, -14.188930000000001, -8.75127, 187.83483, 21.782850000000003, -16.236330000000002, 31.239410000000003, -10.872990000000001], [-6.748990000000001, 5.31876, 11.91525, -7.735640000000001, 25.737050000000004, 89.47002, -3.3768000000000002, 32.69024, 20.815050000000003, 10.3436, 491.13916000000006, 165.90888, 12.451, 56.36835000000001, -2.47441, -241.28174, -19.882990000000003, -89.90628000000001, 4.12619, 652.7166100000001, -36.39472, -1341.6529300000002, -146.70861000000002, 18.39486, -172.75582, 117.15323000000001, 387.82164000000006, -0.9988100000000001, -80.15258, -995.0733200000001, -2.02748, -61.593810000000005, 37.534110000000005, -127.50957000000001, 551.1780200000001, 237.21300000000002, -370.05527, 180.28579000000002, -16.51089, -52.34834000000001, -98.35987000000002, 0.9979800000000001, -41.778740000000006, -14.301620000000002, -10.489820000000002, 237.55182000000002, 27.875970000000002, 