{"vertices": [[0.0, 0.52573, 0.85065], [0.0, -0.52573, 0.85065], [0.52573, 0.85065, 0.0], [-0.52573, 0.85065, 0.0], [0.85065, 0.0, 0.52573], [-0.85065, 0.0, 0.52573], [-0.0, -0.52573, -0.85065], [-0.0, 0.52573, -0.85065], [-0.52573, -0.85065, -0.0], [0.52573, -0.85065, -0.0], [-0.85065, -0.0, -0.52573], [0.85065, -0.0, -0.52573]], "faces": [[0, 5, 1], [0, 3, 5], [0, 2, 3], [0, 4, 2], [0, 1, 4], [1, 5, 8], [5, 3, 10], [3, 2, 7], [2, 4, 11], [4, 1, 9], [7, 11, 6], [11, 9, 6], [9, 8, 6], [8, 10, 6], [10, 7, 6], [2, 11, 7], [4, 9, 11], [1, 8, 9], [5, 10, 8], [3, 7, 10]], "colorProfiles": {"means": {"start": 0, "end": 10, "data": [[0.0, 0.0, 1.0, 0.0, 0.0, 0.0, 0.0, 0.0, -1.0, 0.0, 0.0, 0.0], [0.20319, -0.20319, 1.0403600000000002, 0.20319, 0.20319, -0.20319, -0.20319, 0.20319, -1.0403600000000002, -0.20319, -0.20319, 0.20319], [0.20098000000000002, -0.20098000000000002, 1.00156, 0.20098000000000002, 0.20098000000000002, -0.20098000000000002, -0.20098000000000002, 0.20098000000000002, -1.00156, -0.20098000000000002, -0.20098000000000002, 0.20098000000000002], [0.20006000000000002, -0.20006000000000002, 1.00004, 0.20006000000000002, 0.20006000000000002, -0.20006000000000002, -0.20006000000000002, 0.20006000000000002, -1.00004, -0.20006000000000002, -0.20006000000000002, 0.20006000000000002], [0.2, -0.2, 1.0, 0.2, 0.2, -0.2, -0.2, 0.2, -1.0, -0.2, -0.2, 0.2], [0.2, -0.2, 1.0, 0.2, 0.2, -0.2, -0.2, 0.2, -1.0, -0.2, -0.2, 0.2], [0.2, -0.2, 1.0, 0.2, 0.2, -0.2, -0.2, 0.2, -1.0, -0.2, -0.2, 0.2], [0.2, -0.2, 1.0, 0.2, 0.2, -0.2, -0.2, 0.2, -1.0, -0.2, -0.2, 0.2], [0.2, -0.2, 1.0, 0.2, 0.2, -0.2, -0.2, 0.2, -1.0, -0.2, -0.2, 0.2], [0.2, -0.2, 1.0, 0.2, 0.2, -0.2, -0.2, 0.2, -1.0, -0.2, -0.2, 0.2]]}, "stds": {"start": 0, "end": 10, "data": [[0.0, 0.0, 0.0, 0.0, 0.0, 0.0, 0.0, 0.0, 0.0, 0.0, 0.0, 0.0], [0.03424, 0.03424, 0.01046, 0.03424, 0.03424, 0.03424, 0.03424, 0.03424, 0.01046, 0.03424, 0.03424, 0.03424], [0.03572, 0.03572, 0.014390000000000002, 0.03572, 0.03572, 0.03572, 0.03572, 0.03572, 0.014390000000000002, 0.03572, 0.03572, 0.03572], [0.0356, 0.0356, 0.01649, 0.0356, 0.0356, 0.0356, 0.0356, 0.0356, 0.01649, 0.0356, 0.0356, 0.0356], [0.0356, 0.0356, 0.01631, 0.0356, 0.0356, 0.0356, 0.0356, 0.0356, 0.01631, 0.0356, 0.0356, 0.0356], [0.0356, 0.0356, 0.01631, 0.0356, 0.0356, 0.0356, 0.0356, 0.0356, 0.01631, 0.0356, 0.0356, 0.0356], [0.03561, 0.03561, 0.01631, 0.03561, 0.03561, 0.03561, 0.03561, 0.03561, 0.01631, 0.03561, 0.03561, 0.03561], [0.035640000000000005, 0.035640000000000005, 0.01631, 0.035640000000000005, 0.035640000000000005, 0.035640000000000005, 0.035640000000000005, 0.035640000000000005, 0.01631, 0.035640000000000005, 0.035640000000000005, 0.035640000000000005], [0.03581, 0.03581, 0.016360000000000003, 0.03581, 0.03581, 0.03581, 0.03581, 0.03581, 0.016360000000000003, 0.03581, 0.03581, 0.03581], [0.035910000000000004, 0.035910000000000004, 0.021460000000000003, 0.035910000000000004, 0.035910000000000004, 0.035910000000000004, 0.035910000000000004, 0.035910000000000004, 0.021460000000000003, 0.035910000000000004, 0.035910000000000004, 0.035910000000000004]]}, "initial": [0.0, 0.0, 1.0, 0.0, 0.0, 0.0, 0.0, 0.0, -1.0, 0.0, 0.0, 0.0]}}