{"vertices": [[-1.0, 0.0, -1.0], [-0.5, 0.0, -1.0], [0.0, 0.0002800000074785203, -1.0], [0.5, 0.0, -1.0], [1.0, 0.0, -1.0], [-0.800000011920929, 0.0, -0.5], [-0.26666998863220215, 0.08296000212430954, -0.5], [0.26666998863220215, 7.000000186963007e-05, -0.5], [0.800000011920929, 0.0, -0.5], [-1.0, 0.0, 0.0], [-0.5, 0.0, 0.0], [0.0, 1.0, 0.0], [0.5, 0.0, 0.0], [1.0, 0.0, 0.0], [-0.800000011920929, 0.0, 0.5], [-0.26666998863220215, 7.000000186963007e-05, 0.5], [0.26666998863220215, 0.08296000212430954, 0.5], [0.800000011920929, 0.0, 0.5], [-1.0, 0.0, 1.0], [-0.5, 0.0, 1.0], [0.0, 0.0002800000074785203, 1.0], [0.5, 0.0, 1.0], [1.0, 0.0, 1.0]], "faces": [[1, 5, 6], [1, 2, 6], [7, 11, 12], [3, 4, 8], [10, 11, 15], [14, 18, 19], [10, 14, 15], [4, 8, 13], [16, 20, 21], [3, 7, 8], [6, 7, 11], [0, 1, 5], [0, 5, 9], [12, 13, 17], [16, 17, 21], [2, 3, 7], [12, 16, 17], [8, 12, 13], [15, 16, 20], [9, 14, 18], [9, 10, 14], [5, 6, 10], [6, 10, 11], [11, 12, 16], [2, 6, 7], [15, 19, 20], [13, 17, 22], [17, 21, 22], [14, 15, 19], [7, 8, 12], [11, 15, 16], [5, 9, 10]], "colorProfiles": {"Y": [0.0, 0.0, 0.0002799999783746898, 0.0, 0.0, 0.0, 0.08295999467372894, 6.999999459367245e-05, 0.0, 0.0, 0.0, 1.0, 0.0, 0.0, 0.0, 6.999999459367245e-05, 0.08295999467372894, 0.0, 0.0, 0.0, 0.0002799999783746898, 0.0, 0.0]}}