{"vertices": [[0.0, 0.0, 0.0], [1.0, 0.0, 0.0], [0.92388, 0.0, 0.76537], [0.70711, 0.0, 1.41421], [0.38268, 0.0, 1.84776], [0.0, 0.0, 2.0]], "faces": [[0, 1, 2], [0, 2, 3], [0, 3, 4], [0, 4, 5]], "colorProfiles": {"X": [0.0, 0.0, 0.0, 0.0, 0.0, 0.0]}}