{"vertices": [[-1.0, 0.0, -1.0], [-0.5, 0.0, -1.0], [0.0, 0.0002800000074785203, -1.0], [0.5, 0.0, -1.0], [1.0, 0.0, -1.0], [-0.800000011920929, 0.0, -0.5], [-0.26666998863220215, 0.08296000212430954, -0.5], [0.26666998863220215, 7.000000186963007e-05, -0.5], [0.800000011920929, 0.0, -0.5], [-1.0, 0.0, 0.0], [-0.5, 0.0, 0.0], [0.0, 1.0, 0.0], [0.5, 0.0, 0.0], [1.0, 0.0, 0.0], [-0.800000011920929, 0.0, 0.5], [-0.26666998863220215, 7.000000186963007e-05, 0.5], [0.26666998863220215, 0.08296000212430954, 0.5], [0.800000011920929, 0.0, 0.5], [-1.0, 0.0, 1.0], [-0.5, 0.0, 1.0], [0.0, 0.0002800000074785203, 1.0], [0.5, 0.0, 1.0], [1.0, 0.0, 1.0], [-0.6499999761581421, 0.0, -0.75], [-0.13333000242710114, 0.12499000132083893, -0.75], [0.13333000242710114, 0.5481299757957458, -0.25], [0.6499999761581421, 0.0, -0.75], [-0.13333000242710114, 0.5481299757957458, 0.25], [-0.6499999761581421, 0.0, 0.75], [-0.6499999761581421, 0.0, 0.25], [0.13333000242710114, 0.12499000132083893, 0.75], [0.6499999761581421, 0.0, 0.25], [0.6499999761581421, 0.0, 0.75], [0.13333000242710114, 0.0012499999720603228, -0.75], [0.6499999761581421, 0.0, -0.25], [-0.6499999761581421, 0.0, -0.25], [-0.13333000242710114, 0.8559100031852722, -0.25], [0.13333000242710114, 0.8559100031852722, 0.25], [-0.13333000242710114, 0.0012499999720603228, 0.75], [0.20000000298023224, 0.04764999821782112, -0.375], [0.25, 0.12992000579833984, 0.0], [-0.20000000298023224, 0.04764999821782112, 0.375], [-0.25, 0.12992000579833984, 0.0], [0.0666700005531311, 0.9631199836730957, -0.125], [-0.20000000298023224, 0.454910010099411, -0.375], [-0.0666700005531311, 0.9631199836730957, 0.125], [0.20000000298023224, 0.454910010099411, 0.375], [-0.0666700005531311, 0.8781200051307678, -0.375], [0.0, 0.6003699898719788, -0.5], [0.3166700005531311, 0.00139999995008111, -0.125], [0.0666700005531311, 0.8781200051307678, 0.375], [0.0, 0.6003699898719788, 0.5], [-0.3166700005531311, 0.00139999995008111, 0.125], [0.0, 0.9686200022697449, -0.25], [0.0666700005531311, 0.9903200268745422, 0.125], [0.0, 0.9686200022697449, 0.25], [0.033330000936985016, 0.8759499788284302, -0.3125], [0.0666700005531311, 0.6586199998855591, -0.375], [-0.0666700005531311, 0.3830699920654297, -0.625], [0.10000000149011612, 0.34940001368522644, -0.4375], [0.375, 2.9999999242136255e-05, 0.0], [-0.033330000936985016, 0.8759499788284302, 0.3125]], "faces": [[4, 8, 13], [0, 5, 9], [9, 14, 18], [13, 17, 22], [0, 1, 23], [0, 5, 23], [1, 6, 23], [5, 6, 23], [1, 6, 24], [1, 2, 24], [7, 8, 26], [3, 7, 26], [4, 8, 26], [3, 4, 26], [14, 15, 28], [15, 19, 28], [14, 18, 28], [18, 19, 28], [9, 10, 29], [9, 14, 29], [10, 15, 29], [14, 15, 29], [16, 21, 30], [20, 21, 30], [16, 17, 31], [12, 16, 31], [13, 17, 31], [12, 13, 31], [21, 22, 32], [17, 22, 32], [16, 21, 32], [16, 17, 32], [7, 24, 33], [2, 24, 33], [3, 7, 33], [2, 3, 33], [7, 8, 34], [7, 12, 34], [8, 13, 34], [12, 13, 34], [9, 10, 35], [5, 9, 35], [6, 10, 35], [5, 6, 35], [15, 30, 38], [20, 30, 38], [15, 19, 38], [19, 20, 38], [7, 12, 39], [10, 15, 41], [10, 36, 42], [11, 36, 42], [11, 40, 43], [25, 40, 43], [11, 36, 43], [6, 10, 44], [10, 36, 44], [11, 42, 45], [27, 42, 45], [12, 16, 46], [12, 37, 46], [6, 44, 47], [12, 39, 49], [25, 39, 49], [25, 40, 49], [16, 46, 50], [16, 41, 50], [15, 30, 51], [16, 30, 51], [15, 41, 51], [16, 41, 51], [10, 41, 52], [27, 41, 52], [10, 42, 52], [27, 42, 52], [36, 43, 53], [25, 43, 53], [36, 44, 53], [25, 44, 53], [37, 40, 54], [11, 40, 54], [37, 45, 54], [11, 45, 54], [37, 45, 55], [27, 45, 55], [37, 46, 55], [27, 46, 55], [25, 39, 56], [44, 47, 56], [25, 44, 56], [47, 56, 57], [39, 56, 57], [6, 47, 57], [6, 39, 57], [6, 24, 58], [6, 48, 58], [7, 24, 58], [7, 48, 58], [6, 39, 59], [6, 48, 59], [7, 39, 59], [7, 48, 59], [12, 37, 60], [37, 40, 60], [12, 49, 60], [40, 49, 60], [41, 50, 61], [27, 41, 61], [46, 50, 61], [27, 46, 61]], "colorProfiles": {"Y": [0.0, 0.0, 0.0002799999783746898, 0.0, 0.0, 0.0, 0.08295999467372894, 6.999999459367245e-05, 0.0, 0.0, 0.0, 1.0, 0.0, 0.0, 0.0, 6.999999459367245e-05, 0.08295999467372894, 0.0, 0.0, 0.0, 0.0002799999783746898, 0.0, 0.0, 0.0, 0.12498999387025833, 0.5481299757957458, 0.0, 0.5481299757957458, 0.0, 0.0, 0.12498999387025833, 0.0, 0.0, 0.0012499999720603228, 0.0, 0.0, 0.8559100031852722, 0.8559100031852722, 0.0012499999720603228, 0.04764999821782112, 0.12991999089717865, 0.04764999821782112, 0.12991999089717865, 0.9631199836730957, 0.4549099802970886, 0.9631199836730957, 0.4549099802970886, 0.8781200051307678, 0.6003699898719788, 0.00139999995008111, 0.8781200051307678, 0.6003699898719788, 0.00139999995008111, 0.9686200022697449, 0.9903199672698975, 0.9686200022697449, 0.8759499788284302, 0.6586199998855591, 0.3830699920654297, 0.34939998388290405, 2.9999999242136255e-05, 0.8759499788284302]}}